Dist.Code,Sh_Dist_code,FID_1,State,AgroClimate,District,Year,RICE.AREA..1000.ha.,RICE.PRODUCTION..1000.tons.,RICE.YIELD..Kg.per.ha.,RICE.SHARE.IN.TOTAL..Percent.,Crops,IMD_RF,IMD_Tmax,SD_RF_jun_nov
165,20001,296,PUNJAB,Trans Gangetic Plains Region,Gurdaspur,1990,173.0,441.0,2549.0,37.04,Rice,671.0373637,31.28552119,9.088041464
165,20001,296,PUNJAB,Trans Gangetic Plains Region,Gurdaspur,1991,175.0,468.0,2674.0,37.39,Rice,565.6601563,32.661726,8.34195741
165,20001,296,PUNJAB,Trans Gangetic Plains Region,Gurdaspur,1992,182.0,474.0,2604.0,37.3,Rice,693.3383077,32.42999427,9.859081745
165,20001,296,PUNJAB,Trans Gangetic Plains Region,Gurdaspur,1993,185.0,492.0,2659.0,38.54,Rice,863.3996175,32.78001785,18.64727068
165,20001,296,PUNJAB,Trans Gangetic Plains Region,Gurdaspur,1994,190.0,511.0,2689.0,38.7,Rice,831.1182048,31.16572793,13.82500792
165,20001,296,PUNJAB,Trans Gangetic Plains Region,Gurdaspur,1995,191.0,472.0,2471.0,37.75,Rice,1203.892721,33.34756947,18.37001212
165,20001,296,PUNJAB,Trans Gangetic Plains Region,Gurdaspur,1996,186.0,513.0,2758.0,37.8,Rice,809.0320231,31.85533015,10.35350863
165,20001,296,PUNJAB,Trans Gangetic Plains Region,Gurdaspur,1997,182.0,512.0,2813.0,38.72,Rice,828.6647949,31.12118816,11.89152543
165,20001,296,PUNJAB,Trans Gangetic Plains Region,Gurdaspur,1998,187.0,521.0,2786.0,38.8,Rice,815.2450663,32.10257721,10.7964174
165,20001,296,PUNJAB,Trans Gangetic Plains Region,Gurdaspur,1999,198.0,561.0,2833.0,40.16,Rice,562.7569733,31.81980133,9.231366555
165,20001,296,PUNJAB,Trans Gangetic Plains Region,Gurdaspur,2000,191.0,569.0,2979.0,38.74,Rice,614.0741475,33.2194713,7.614859819
165,20001,296,PUNJAB,Trans Gangetic Plains Region,Gurdaspur,2001,194.0,571.0,2943.0,38.8,Rice,784.9847412,32.20153046,11.36652946
165,20001,296,PUNJAB,Trans Gangetic Plains Region,Gurdaspur,2002,189.0,547.0,2894.0,39.21,Rice,370.8081462,33.11014334,6.323831797
165,20001,296,PUNJAB,Trans Gangetic Plains Region,Gurdaspur,2003,193.0,587.0,3041.0,38.76,Rice,588.3390299,32.12897333,7.967210531
165,20001,296,PUNJAB,Trans Gangetic Plains Region,Gurdaspur,2004,202.0,641.0,3173.0,39.3,Rice,457.0609487,32.46731504,8.27640295
165,20001,296,PUNJAB,Trans Gangetic Plains Region,Gurdaspur,2005,190.0,590.0,3105.0,38.15,Rice,534.768041,32.87343025,8.060100079
165,20001,296,PUNJAB,Trans Gangetic Plains Region,Gurdaspur,2006,201.0,636.0,3164.0,39.26,Rice,816.2816772,31.61758804,10.88101037
165,20001,296,PUNJAB,Trans Gangetic Plains Region,Gurdaspur,2007,191.0,617.0,3230.0,37.9,Rice,759.5871073,32.69706059,10.16871564
165,20001,296,PUNJAB,Trans Gangetic Plains Region,Gurdaspur,2008,201.0,663.0,3299.0,39.72,Rice,1027.510478,32.13616149,12.33576695
165,20001,296,PUNJAB,Trans Gangetic Plains Region,Gurdaspur,2009,204.0,640.0,3137.0,40.23,Rice,588.4799449,32.79583772,12.59598374
165,20001,296,PUNJAB,Trans Gangetic Plains Region,Gurdaspur,2010,204.0,705.0,3456.0,40.56,Rice,556.6623535,32.69627444,9.070703109
165,20001,296,PUNJAB,Trans Gangetic Plains Region,Gurdaspur,2011,174.39,649.0,1861.0,20.96,Rice,933.0544128,32.30687428,13.21336945
165,20001,296,PUNJAB,Trans Gangetic Plains Region,Gurdaspur,2012,201.0,618.0,2965.0,35.71,Rice,802.569814,32.18324375,12.43522008
165,20001,296,PUNJAB,Trans Gangetic Plains Region,Gurdaspur,2013,202.0,585.0,2810.5,33.44,Rice,868.584137,30.94153055,13.1388336
165,20001,296,PUNJAB,Trans Gangetic Plains Region,Gurdaspur,2014,202.0,524.0,2548.0,35.905,Rice,452.9304708,33.22249889,8.76209267
165,20001,296,PUNJAB,Trans Gangetic Plains Region,Gurdaspur,2015,203.0,588.0,3000.0,36.54,Rice,711.9521077,33.0687774,14.94873206
165,20001,296,PUNJAB,Trans Gangetic Plains Region,Gurdaspur,2016,203.0,634.0,2966.5,,Rice,535.2429174,32.08877341,10.35252301
165,20001,296,PUNJAB,Trans Gangetic Plains Region,Gurdaspur,2017,204.0,729.0,3362.0,,Rice,613.0461985,31.47279517,10.11470159
166,20002,294,PUNJAB,Trans Gangetic Plains Region,Amritsar,1990,279.0,768.0,2753.0,35.86,Rice,788.4485386,33.08642467,12.23890155
166,20002,294,PUNJAB,Trans Gangetic Plains Region,Amritsar,1991,284.0,781.0,2750.0,36.5,Rice,353.3858926,34.42011388,5.497259004
166,20002,294,PUNJAB,Trans Gangetic Plains Region,Amritsar,1992,287.0,803.0,2798.0,35.48,Rice,432.4880001,33.77623828,5.952007226
166,20002,294,PUNJAB,Trans Gangetic Plains Region,Amritsar,1993,289.0,846.0,2927.0,35.29,Rice,652.0069929,34.69634501,13.47269038
166,20002,294,PUNJAB,Trans Gangetic Plains Region,Amritsar,1994,298.0,921.0,3091.0,36.03,Rice,491.5703779,32.8384107,8.398622377
166,20002,294,PUNJAB,Trans Gangetic Plains Region,Amritsar,1995,304.0,881.0,2898.0,36.89,Rice,667.4770246,34.77202638,10.79542603
166,20002,294,PUNJAB,Trans Gangetic Plains Region,Amritsar,1996,289.0,883.0,3055.0,35.12,Rice,700.278486,33.68107955,9.472764628
166,20002,294,PUNJAB,Trans Gangetic Plains Region,Amritsar,1997,292.0,879.0,3010.0,36.68,Rice,658.7299979,32.59504541,9.074630805
166,20002,294,PUNJAB,Trans Gangetic Plains Region,Amritsar,1998,305.0,877.0,2875.0,37.89,Rice,412.7097124,34.18110291,5.992087569
166,20002,294,PUNJAB,Trans Gangetic Plains Region,Amritsar,1999,318.0,988.0,3107.0,38.73,Rice,358.3248008,34.36806186,6.20624314
166,20002,294,PUNJAB,Trans Gangetic Plains Region,Amritsar,2000,319.0,972.0,3047.0,38.86,Rice,448.2207642,34.85842148,7.222226007
166,20002,294,PUNJAB,Trans Gangetic Plains Region,Amritsar,2001,319.0,958.0,3003.0,38.9,Rice,601.3223877,33.83017476,9.941487585
166,20002,294,PUNJAB,Trans Gangetic Plains Region,Amritsar,2002,311.0,879.0,2826.0,36.37,Rice,393.9581866,35.26638222,8.937733378
166,20002,294,PUNJAB,Trans Gangetic Plains Region,Amritsar,2003,326.0,872.0,2675.0,40.75,Rice,617.3299909,33.63692379,9.769609451
166,20002,294,PUNJAB,Trans Gangetic Plains Region,Amritsar,2004,334.0,1034.0,3096.0,41.49,Rice,262.8544769,34.35042175,4.256849238
166,20002,294,PUNJAB,Trans Gangetic Plains Region,Amritsar,2005,345.0,1003.0,2907.5,41.76,Rice,547.3413653,34.49592241,8.986454282
166,20002,294,PUNJAB,Trans Gangetic Plains Region,Amritsar,2006,351.0,1052.0,2996.5,42.42,Rice,730.8817051,33.66060575,11.75975364
166,20002,294,PUNJAB,Trans Gangetic Plains Region,Amritsar,2007,349.0,1085.0,3109.5,42.635,Rice,459.4428624,34.46804841,9.551506587
166,20002,294,PUNJAB,Trans Gangetic Plains Region,Amritsar,2008,352.0,1057.0,3007.0,42.965,Rice,763.5745414,33.864978,13.56970119
166,20002,294,PUNJAB,Trans Gangetic Plains Region,Amritsar,2009,357.0,1031.0,2894.5,43.595,Rice,290.8065382,34.61350203,5.230391502
166,20002,294,PUNJAB,Trans Gangetic Plains Region,Amritsar,2010,358.0,1003.0,2805.5,43.65,Rice,387.7019523,33.64825185,7.509404659
166,20002,294,PUNJAB,Trans Gangetic Plains Region,Amritsar,2011,357.0,972.0,2726.0,43.645,Rice,1139.527361,33.74023724,17.9178915
166,20002,294,PUNJAB,Trans Gangetic Plains Region,Amritsar,2012,364.0,1143.0,3143.5,44.715,Rice,1081.893712,33.63437923,18.34574182
166,20002,294,PUNJAB,Trans Gangetic Plains Region,Amritsar,2013,359.0,1112.0,3101.0,43.875,Rice,548.9135742,33.25049496,8.460302694
166,20002,294,PUNJAB,Trans Gangetic Plains Region,Amritsar,2014,358.0,1045.0,2921.5,44.27,Rice,330.6122981,34.74967416,7.85903774
166,20002,294,PUNJAB,Trans Gangetic Plains Region,Amritsar,2015,359.0,1017.0,2832.5,43.09,Rice,347.7359706,34.24958579,7.053706918
166,20002,294,PUNJAB,Trans Gangetic Plains Region,Amritsar,2016,366.0,1188.0,3245.0,,Rice,480.2881862,33.58612823,7.806489059
166,20002,294,PUNJAB,Trans Gangetic Plains Region,Amritsar,2017,362.0,1436.0,3965.5,,Rice,414.8853019,32.96136761,7.901161058
167,20006,299,PUNJAB,Trans Gangetic Plains Region,Kapurthala,1990,97.0,276.0,2845.0,38.8,Rice,895.4048055,32.68300724,14.59228738
167,20006,299,PUNJAB,Trans Gangetic Plains Region,Kapurthala,1991,97.0,284.0,2928.0,38.8,Rice,540.3193359,33.90228208,7.976928075
167,20006,299,PUNJAB,Trans Gangetic Plains Region,Kapurthala,1992,97.0,296.0,3052.0,38.34,Rice,453.5525208,33.70599016,6.538235664
167,20006,299,PUNJAB,Trans Gangetic Plains Region,Kapurthala,1993,102.0,329.0,3225.0,39.53,Rice,741.8181763,33.99030177,14.28493023
167,20006,299,PUNJAB,Trans Gangetic Plains Region,Kapurthala,1994,101.0,322.0,3188.0,39.3,Rice,632.4740906,32.58158843,8.309028467
167,20006,299,PUNJAB,Trans Gangetic Plains Region,Kapurthala,1995,102.0,269.0,2637.0,36.82,Rice,1040.383464,34.44567776,16.01912498
167,20006,299,PUNJAB,Trans Gangetic Plains Region,Kapurthala,1996,95.0,290.0,3053.0,33.1,Rice,657.8406067,33.05965932,7.699498336
167,20006,299,PUNJAB,Trans Gangetic Plains Region,Kapurthala,1997,100.0,299.0,2990.0,39.22,Rice,746.0655111,31.92643197,9.350432714
167,20006,299,PUNJAB,Trans Gangetic Plains Region,Kapurthala,1998,99.0,314.0,3172.0,38.22,Rice,509.7734782,33.20320765,6.990417163
167,20006,299,PUNJAB,Trans Gangetic Plains Region,Kapurthala,1999,100.0,349.0,3490.0,38.46,Rice,439.3468424,33.19537958,6.390850385
167,20006,299,PUNJAB,Trans Gangetic Plains Region,Kapurthala,2000,103.0,358.0,3476.0,39.31,Rice,355.7204895,33.82326667,4.650973558
167,20006,299,PUNJAB,Trans Gangetic Plains Region,Kapurthala,2001,105.0,364.0,3467.0,39.77,Rice,505.6994731,33.83231862,7.458736579
167,20006,299,PUNJAB,Trans Gangetic Plains Region,Kapurthala,2002,102.0,362.0,3549.0,38.49,Rice,488.8138733,35.45336246,7.604381561
167,20006,299,PUNJAB,Trans Gangetic Plains Region,Kapurthala,2003,104.0,361.0,3471.0,38.38,Rice,682.1791789,33.57270749,10.37753328
167,20006,299,PUNJAB,Trans Gangetic Plains Region,Kapurthala,2004,105.0,423.0,4029.0,39.03,Rice,289.7741852,34.04675611,3.825256666
167,20006,299,PUNJAB,Trans Gangetic Plains Region,Kapurthala,2005,108.0,422.0,3907.0,39.85,Rice,624.1912842,34.12157853,9.715848605
167,20006,299,PUNJAB,Trans Gangetic Plains Region,Kapurthala,2006,110.0,414.0,3764.0,40.08,Rice,582.9390666,33.57232412,7.232495467
167,20006,299,PUNJAB,Trans Gangetic Plains Region,Kapurthala,2007,110.0,428.0,3891.0,40.15,Rice,562.2695109,34.05175114,8.171924432
167,20006,299,PUNJAB,Trans Gangetic Plains Region,Kapurthala,2008,114.0,428.0,3754.0,41.45,Rice,808.927592,33.37007014,9.982902527
167,20006,299,PUNJAB,Trans Gangetic Plains Region,Kapurthala,2009,115.0,452.0,3930.0,42.07,Rice,503.2874044,34.37471644,8.518150965
167,20006,299,PUNJAB,Trans Gangetic Plains Region,Kapurthala,2010,118.0,459.0,3890.0,43.7,Rice,540.020518,33.88081868,8.263798555
167,20006,299,PUNJAB,Trans Gangetic Plains Region,Kapurthala,2011,118.0,433.0,3669.0,43.54,Rice,1175.086853,33.53312206,16.23587894
167,20006,299,PUNJAB,Trans Gangetic Plains Region,Kapurthala,2012,117.0,445.0,3803.0,43.44,Rice,923.8825073,33.67837238,14.43013604
167,20006,299,PUNJAB,Trans Gangetic Plains Region,Kapurthala,2013,117.0,451.0,3855.0,43.06,Rice,458.4292501,32.70269521,6.794573784
167,20006,299,PUNJAB,Trans Gangetic Plains Region,Kapurthala,2014,117.0,439.0,3752.0,43.79,Rice,431.6201884,34.70968437,9.143756549
167,20006,299,PUNJAB,Trans Gangetic Plains Region,Kapurthala,2015,118.0,474.0,4017.0,44.29,Rice,420.3160909,34.50639725,7.716434479
167,20006,299,PUNJAB,Trans Gangetic Plains Region,Kapurthala,2016,118.0,483.0,4093.0,,Rice,610.8887329,33.58612823,9.87153101
167,20006,299,PUNJAB,Trans Gangetic Plains Region,Kapurthala,2017,118.0,513.0,4347.0,,Rice,676.7596842,32.96136761,10.58343029
168,20005,298,PUNJAB,Trans Gangetic Plains Region,Jalandhar,1990,158.0,496.0,3139.0,30.38,Rice,1027.240076,35.00400713,17.36692867
168,20005,298,PUNJAB,Trans Gangetic Plains Region,Jalandhar,1991,157.0,539.0,3433.0,30.13,Rice,693.8739929,36.11284426,10.87304487
168,20005,298,PUNJAB,Trans Gangetic Plains Region,Jalandhar,1992,154.0,527.0,3422.0,29.56,Rice,528.2572266,35.19708655,9.083288574
168,20005,298,PUNJAB,Trans Gangetic Plains Region,Jalandhar,1993,160.0,583.0,3644.0,30.3,Rice,737.3057617,36.19142924,16.04010944
168,20005,298,PUNJAB,Trans Gangetic Plains Region,Jalandhar,1994,167.0,574.0,3437.0,31.16,Rice,657.5209595,34.94211939,10.38065615
168,20005,298,PUNJAB,Trans Gangetic Plains Region,Jalandhar,1995,154.0,485.0,3147.5,26.35,Rice,928.2149902,36.11096838,16.18199406
168,20005,298,PUNJAB,Trans Gangetic Plains Region,Jalandhar,1996,159.0,545.0,3439.0,26.77,Rice,653.0454773,34.89739598,8.701012516
168,20005,298,PUNJAB,Trans Gangetic Plains Region,Jalandhar,1997,168.0,563.0,3358.0,27.69,Rice,747.2848419,33.78638183,10.2518352
168,20005,298,PUNJAB,Trans Gangetic Plains Region,Jalandhar,1998,180.0,586.0,3257.5,29.91,Rice,608.5153687,35.57692697,9.718293762
168,20005,298,PUNJAB,Trans Gangetic Plains Region,Jalandhar,1999,179.0,624.0,3483.5,29.02,Rice,433.4342972,36.39808411,7.969537926
168,20005,298,PUNJAB,Trans Gangetic Plains Region,Jalandhar,2000,183.0,646.0,3475.0,30.01,Rice,410.0060028,36.2028051,6.829200363
168,20005,298,PUNJAB,Trans Gangetic Plains Region,Jalandhar,2001,177.0,588.0,3274.5,28.795,Rice,514.6413879,35.61785274,8.192026329
168,20005,298,PUNJAB,Trans Gangetic Plains Region,Jalandhar,2002,176.0,646.0,3617.0,28.395,Rice,595.865448,37.2784711,9.155738258
168,20005,298,PUNJAB,Trans Gangetic Plains Region,Jalandhar,2003,185.0,636.0,3504.0,29.345,Rice,711.9954956,35.06906223,11.57616501
168,20005,298,PUNJAB,Trans Gangetic Plains Region,Jalandhar,2004,195.0,737.0,3845.0,30.8,Rice,301.5263367,35.92809529,5.466162062
168,20005,298,PUNJAB,Trans Gangetic Plains Region,Jalandhar,2005,200.0,697.0,3486.5,31.725,Rice,488.8813019,36.23419666,7.603456974
168,20005,298,PUNJAB,Trans Gangetic Plains Region,Jalandhar,2006,200.0,723.0,3720.0,32.495,Rice,522.4052246,35.58098719,6.421888733
168,20005,298,PUNJAB,Trans Gangetic Plains Region,Jalandhar,2007,199.0,748.0,3799.0,31.62,Rice,576.2427979,36.00502565,7.659809685
168,20005,298,PUNJAB,Trans Gangetic Plains Region,Jalandhar,2008,207.0,801.0,3945.0,32.54,Rice,851.3272339,35.53106552,9.69258976
168,20005,298,PUNJAB,Trans Gangetic Plains Region,Jalandhar,2009,217.0,868.0,4046.5,34.375,Rice,474.3755676,36.43105539,7.693657589
168,20005,298,PUNJAB,Trans Gangetic Plains Region,Jalandhar,2010,221.0,819.0,3795.0,35.87,Rice,583.2601074,35.01017782,8.254424095
168,20005,298,PUNJAB,Trans Gangetic Plains Region,Jalandhar,2011,222.0,809.0,3749.0,35.775,Rice,1147.749683,35.16203562,13.37856121
168,20005,298,PUNJAB,Trans Gangetic Plains Region,Jalandhar,2012,222.0,861.0,3964.0,34.375,Rice,783.2521973,35.43192217,9.997740555
168,20005,298,PUNJAB,Trans Gangetic Plains Region,Jalandhar,2013,223.0,798.0,3588.0,35.24,Rice,574.1074585,35.28521432,9.001251888
168,20005,298,PUNJAB,Trans Gangetic Plains Region,Jalandhar,2014,224.0,842.0,3827.0,35.405,Rice,449.2193909,36.40618462,9.676516438
168,20005,298,PUNJAB,Trans Gangetic Plains Region,Jalandhar,2015,227.0,905.0,4079.0,35.865,Rice,437.2400269,35.63556809,7.447884464
168,20005,298,PUNJAB,Trans Gangetic Plains Region,Jalandhar,2016,230.0,959.0,4222.5,,Rice,501.4931702,32.79224817,8.974931145
168,20005,298,PUNJAB,Trans Gangetic Plains Region,Jalandhar,2017,231.0,997.0,4440.5,,Rice,552.358197,32.22718954,8.734361362
169,20007,297,PUNJAB,Trans Gangetic Plains Region,Hoshiarpur,1990,65.0,186.0,2862.0,16.41,Rice,1212.770945,31.98239454,13.92249664
169,20007,297,PUNJAB,Trans Gangetic Plains Region,Hoshiarpur,1991,58.0,173.0,2983.0,14.99,Rice,1050.513326,33.24120235,13.95573839
169,20007,297,PUNJAB,Trans Gangetic Plains Region,Hoshiarpur,1992,56.0,162.0,2893.0,14.43,Rice,909.9366557,32.94882965,13.15642993
169,20007,297,PUNJAB,Trans Gangetic Plains Region,Hoshiarpur,1993,53.0,161.0,3038.0,13.62,Rice,1035.12087,33.36873245,18.69431241
169,20007,297,PUNJAB,Trans Gangetic Plains Region,Hoshiarpur,1994,58.0,175.0,3017.0,15.14,Rice,1407.532898,31.73312028,18.20425065
169,20007,297,PUNJAB,Trans Gangetic Plains Region,Hoshiarpur,1995,57.0,167.0,2930.0,15.36,Rice,1407.601563,33.68476264,22.2255497
169,20007,297,PUNJAB,Trans Gangetic Plains Region,Hoshiarpur,1996,52.0,156.0,3000.0,13.94,Rice,981.0334473,32.48679892,11.49674161
169,20007,297,PUNJAB,Trans Gangetic Plains Region,Hoshiarpur,1997,56.0,169.0,3018.0,16.05,Rice,942.6655884,31.61996969,11.06810315
169,20007,297,PUNJAB,Trans Gangetic Plains Region,Hoshiarpur,1998,58.0,169.0,2914.0,16.67,Rice,1218.641408,32.49536928,16.28679752
169,20007,297,PUNJAB,Trans Gangetic Plains Region,Hoshiarpur,1999,61.0,178.0,2918.0,17.23,Rice,857.5907491,32.3235782,12.79941161
169,20007,297,PUNJAB,Trans Gangetic Plains Region,Hoshiarpur,2000,63.0,192.0,3048.0,17.21,Rice,689.6403707,33.52913793,9.296849966
169,20007,297,PUNJAB,Trans Gangetic Plains Region,Hoshiarpur,2001,60.0,171.0,2850.0,16.39,Rice,786.1586304,33.01415984,11.43972619
169,20007,297,PUNJAB,Trans Gangetic Plains Region,Hoshiarpur,2002,56.0,159.0,2839.0,16.42,Rice,643.4036865,34.32075437,9.125221173
169,20007,297,PUNJAB,Trans Gangetic Plains Region,Hoshiarpur,2003,58.0,179.0,3086.0,16.16,Rice,775.8640951,33.02563763,9.471989393
169,20007,297,PUNJAB,Trans Gangetic Plains Region,Hoshiarpur,2004,58.0,171.0,2948.0,16.2,Rice,600.608134,33.45704142,9.918015162
169,20007,297,PUNJAB,Trans Gangetic Plains Region,Hoshiarpur,2005,61.0,182.0,2984.0,17.09,Rice,600.0059153,33.63255374,8.680058161
169,20007,297,PUNJAB,Trans Gangetic Plains Region,Hoshiarpur,2006,56.0,157.0,2804.0,15.76,Rice,767.08255,32.68732611,8.669088602
169,20007,297,PUNJAB,Trans Gangetic Plains Region,Hoshiarpur,2007,56.0,185.0,3304.0,15.77,Rice,877.2874756,33.49775664,11.26609882
169,20007,297,PUNJAB,Trans Gangetic Plains Region,Hoshiarpur,2008,60.0,209.0,3483.0,16.44,Rice,1220.200907,32.75394853,11.60396942
169,20007,297,PUNJAB,Trans Gangetic Plains Region,Hoshiarpur,2009,70.0,248.0,3543.0,19.53,Rice,701.4286194,33.55092939,11.53420623
169,20007,297,PUNJAB,Trans Gangetic Plains Region,Hoshiarpur,2010,73.0,261.0,3575.0,20.45,Rice,873.3200785,33.09559091,10.87415489
169,20007,297,PUNJAB,Trans Gangetic Plains Region,Hoshiarpur,2011,74.0,269.0,3635.0,20.5,Rice,889.538442,32.88154984,10.66324425
169,20007,297,PUNJAB,Trans Gangetic Plains Region,Hoshiarpur,2012,70.0,252.0,3600.0,20.28,Rice,572.208964,32.72048187,8.301589171
169,20007,297,PUNJAB,Trans Gangetic Plains Region,Hoshiarpur,2013,70.0,252.0,3600.0,20.61,Rice,973.0275167,31.67800554,13.73550717
169,20007,297,PUNJAB,Trans Gangetic Plains Region,Hoshiarpur,2014,71.0,244.0,3437.0,20.26,Rice,588.3069102,33.69751326,11.01527739
169,20007,297,PUNJAB,Trans Gangetic Plains Region,Hoshiarpur,2015,72.0,255.0,3542.0,21.15,Rice,755.6148987,33.53532632,14.29545546
169,20007,297,PUNJAB,Trans Gangetic Plains Region,Hoshiarpur,2016,74.0,287.0,3878.0,,Rice,707.344106,31.79618065,10.38165323
169,20007,297,PUNJAB,Trans Gangetic Plains Region,Hoshiarpur,2017,75.0,292.0,3893.0,,Rice,755.2199351,31.22020205,10.77762683
170,20008,303,PUNJAB,Trans Gangetic Plains Region,Rupnagar (Ropar),1990,36.0,113.0,3139.0,18.0,Rice,684.1052246,34.54782136,10.69988251
170,20008,303,PUNJAB,Trans Gangetic Plains Region,Rupnagar (Ropar),1991,37.0,122.0,3297.0,18.14,Rice,622.065918,35.49249093,8.378680229
170,20008,303,PUNJAB,Trans Gangetic Plains Region,Rupnagar (Ropar),1992,36.0,117.0,3250.0,17.73,Rice,1024.307007,34.62934812,14.22265911
170,20008,303,PUNJAB,Trans Gangetic Plains Region,Rupnagar (Ropar),1993,37.0,131.0,3541.0,18.23,Rice,734.3730469,35.35633262,9.744787216
170,20008,303,PUNJAB,Trans Gangetic Plains Region,Rupnagar (Ropar),1994,38.0,118.0,3105.0,18.54,Rice,1469.252075,34.59543101,16.5459938
170,20008,303,PUNJAB,Trans Gangetic Plains Region,Rupnagar (Ropar),1995,39.0,123.0,3154.0,21.99,Rice,1216.377808,35.21803474,14.54199791
170,20008,303,PUNJAB,Trans Gangetic Plains Region,Rupnagar (Ropar),1996,40.0,130.0,3250.0,19.61,Rice,1126.133667,34.21137126,11.91247463
170,20008,303,PUNJAB,Trans Gangetic Plains Region,Rupnagar (Ropar),1997,43.0,138.0,3209.0,20.87,Rice,1183.841553,33.15900087,11.22074127
170,20008,303,PUNJAB,Trans Gangetic Plains Region,Rupnagar (Ropar),1998,46.0,128.0,2783.0,21.9,Rice,1345.841064,34.51840067,15.44694138
170,20008,303,PUNJAB,Trans Gangetic Plains Region,Rupnagar (Ropar),1999,50.0,156.0,3120.0,23.81,Rice,969.8433838,35.79390208,11.14162922
170,20008,303,PUNJAB,Trans Gangetic Plains Region,Rupnagar (Ropar),2000,49.0,163.0,3327.0,23.33,Rice,732.2799072,35.40883064,8.952754021
170,20008,303,PUNJAB,Trans Gangetic Plains Region,Rupnagar (Ropar),2001,51.0,163.0,3196.0,24.17,Rice,688.8653564,35.07284673,8.374109268
170,20008,303,PUNJAB,Trans Gangetic Plains Region,Rupnagar (Ropar),2002,44.0,141.0,3205.0,21.26,Rice,700.6107178,36.50846672,9.035095215
170,20008,303,PUNJAB,Trans Gangetic Plains Region,Rupnagar (Ropar),2003,51.0,170.0,3333.0,23.61,Rice,982.7953491,34.57036384,12.87341022
170,20008,303,PUNJAB,Trans Gangetic Plains Region,Rupnagar (Ropar),2004,51.0,176.0,3451.0,22.77,Rice,680.286377,35.23631891,9.682390213
170,20008,303,PUNJAB,Trans Gangetic Plains Region,Rupnagar (Ropar),2005,67.0,239.0,3579.5,25.025,Rice,545.4794312,35.56920656,6.864340782
170,20008,303,PUNJAB,Trans Gangetic Plains Region,Rupnagar (Ropar),2006,67.0,220.0,3230.0,25.625,Rice,763.3324585,35.09107701,7.464242935
170,20008,303,PUNJAB,Trans Gangetic Plains Region,Rupnagar (Ropar),2007,62.0,225.0,3624.5,23.97,Rice,736.4299316,35.33717203,10.39558029
170,20008,303,PUNJAB,Trans Gangetic Plains Region,Rupnagar (Ropar),2008,63.0,227.0,3560.0,23.835,Rice,984.0215454,34.84633239,11.46194172
170,20008,303,PUNJAB,Trans Gangetic Plains Region,Rupnagar (Ropar),2009,68.0,233.0,3410.0,25.935,Rice,765.4046631,35.79593706,10.07852173
170,20008,303,PUNJAB,Trans Gangetic Plains Region,Rupnagar (Ropar),2010,75.0,274.0,3650.0,27.58,Rice,873.8103027,34.50078694,11.57903385
170,20008,303,PUNJAB,Trans Gangetic Plains Region,Rupnagar (Ropar),2011,70.0,246.0,3530.5,26.22,Rice,1382.904785,34.57293336,14.9456358
170,20008,303,PUNJAB,Trans Gangetic Plains Region,Rupnagar (Ropar),2012,69.0,262.0,3795.0,25.81,Rice,838.6115112,35.10455751,9.52904892
170,20008,303,PUNJAB,Trans Gangetic Plains Region,Rupnagar (Ropar),2013,64.0,223.0,3489.0,25.04,Rice,878.7988892,34.69457753,12.60913754
170,20008,303,PUNJAB,Trans Gangetic Plains Region,Rupnagar (Ropar),2014,65.0,223.0,3412.0,26.335,Rice,614.6333008,35.81992499,11.31776428
170,20008,303,PUNJAB,Trans Gangetic Plains Region,Rupnagar (Ropar),2015,67.0,277.0,4107.0,28.765,Rice,807.9355469,35.11845239,13.70485687
170,20008,303,PUNJAB,Trans Gangetic Plains Region,Rupnagar (Ropar),2016,69.0,284.0,4069.5,,Rice,932.9378662,31.50358788,11.22509766
170,20008,303,PUNJAB,Trans Gangetic Plains Region,Rupnagar (Ropar),2017,71.0,278.0,3867.0,,Rice,966.8143921,30.96760893,12.57248878
171,20004,300,PUNJAB,Trans Gangetic Plains Region,Ludhiana,1990,225.0,826.0,3671.0,37.44,Rice,583.8016907,32.36785825,9.57429781
171,20004,300,PUNJAB,Trans Gangetic Plains Region,Ludhiana,1991,231.0,827.0,3580.0,37.99,Rice,481.0180664,33.44221497,8.387597847
171,20004,300,PUNJAB,Trans Gangetic Plains Region,Ludhiana,1992,226.0,877.0,3881.0,37.98,Rice,398.6798584,33.23888365,6.135095215
171,20004,300,PUNJAB,Trans Gangetic Plains Region,Ludhiana,1993,233.0,909.0,3901.0,39.16,Rice,634.9444458,33.77254709,15.73696213
171,20004,300,PUNJAB,Trans Gangetic Plains Region,Ludhiana,1994,244.0,868.0,3557.0,40.53,Rice,465.906192,32.07786973,7.93698597
171,20004,300,PUNJAB,Trans Gangetic Plains Region,Ludhiana,1995,230.0,743.0,3230.0,38.33,Rice,750.8415649,34.02537441,13.85269642
171,20004,300,PUNJAB,Trans Gangetic Plains Region,Ludhiana,1996,227.0,818.0,3604.0,37.77,Rice,463.3922607,32.74172815,6.644610119
171,20004,300,PUNJAB,Trans Gangetic Plains Region,Ludhiana,1997,234.0,899.0,3842.0,39.07,Rice,453.8149475,31.75175635,7.241339207
171,20004,300,PUNJAB,Trans Gangetic Plains Region,Ludhiana,1998,241.0,789.0,3274.0,40.03,Rice,718.5483154,33.30040518,10.46243868
171,20004,300,PUNJAB,Trans Gangetic Plains Region,Ludhiana,1999,237.0,856.0,3612.0,39.24,Rice,369.4567535,33.23446719,7.814259386
171,20004,300,PUNJAB,Trans Gangetic Plains Region,Ludhiana,2000,238.0,939.0,3945.0,39.4,Rice,424.8663391,33.79524899,7.014619827
171,20004,300,PUNJAB,Trans Gangetic Plains Region,Ludhiana,2001,235.0,916.0,3898.0,38.84,Rice,412.8198181,33.37760131,6.400843906
171,20004,300,PUNJAB,Trans Gangetic Plains Region,Ludhiana,2002,236.0,1020.0,4322.0,39.07,Rice,516.7383789,34.93473657,9.909376907
171,20004,300,PUNJAB,Trans Gangetic Plains Region,Ludhiana,2003,241.0,1047.0,4344.0,39.83,Rice,728.8141968,33.25927798,13.54532642
171,20004,300,PUNJAB,Trans Gangetic Plains Region,Ludhiana,2004,247.0,1144.0,4632.0,40.83,Rice,275.4591858,33.73893229,4.713714409
171,20004,300,PUNJAB,Trans Gangetic Plains Region,Ludhiana,2005,250.0,1130.0,4520.0,41.67,Rice,400.4879822,33.88803323,6.223508072
171,20004,300,PUNJAB,Trans Gangetic Plains Region,Ludhiana,2006,248.0,1084.0,4371.0,42.76,Rice,441.2402161,33.11669985,6.282439137
171,20004,300,PUNJAB,Trans Gangetic Plains Region,Ludhiana,2007,250.0,1133.0,4532.0,42.02,Rice,596.4912231,33.70401287,8.820273113
171,20004,300,PUNJAB,Trans Gangetic Plains Region,Ludhiana,2008,254.0,1135.0,4469.0,42.69,Rice,889.7710693,33.13376904,11.43911953
171,20004,300,PUNJAB,Trans Gangetic Plains Region,Ludhiana,2009,257.0,1206.0,4693.0,43.04,Rice,535.3106689,34.10195001,9.616759491
171,20004,300,PUNJAB,Trans Gangetic Plains Region,Ludhiana,2010,257.0,1133.0,4409.0,42.9,Rice,651.2015076,33.38959726,10.56175194
171,20004,300,PUNJAB,Trans Gangetic Plains Region,Ludhiana,2011,257.0,1094.0,4257.0,42.83,Rice,1134.177661,33.19148699,14.18737373
171,20004,300,PUNJAB,Trans Gangetic Plains Region,Ludhiana,2012,257.0,1169.0,4549.0,43.32,Rice,768.4699951,33.26359145,10.24354906
171,20004,300,PUNJAB,Trans Gangetic Plains Region,Ludhiana,2013,257.0,1137.0,4424.0,48.87,Rice,594.737262,32.49688752,9.257663536
171,20004,300,PUNJAB,Trans Gangetic Plains Region,Ludhiana,2014,257.0,1119.0,4354.0,43.38,Rice,363.2561951,34.25253328,7.761513233
171,20004,300,PUNJAB,Trans Gangetic Plains Region,Ludhiana,2015,257.0,1181.0,4595.0,42.86,Rice,503.547525,33.96025181,9.093970728
171,20004,300,PUNJAB,Trans Gangetic Plains Region,Ludhiana,2016,259.0,1247.0,4815.0,,Rice,367.073291,32.79224817,6.381331348
171,20004,300,PUNJAB,Trans Gangetic Plains Region,Ludhiana,2017,258.0,1224.0,4744.0,,Rice,467.2025452,32.22718954,8.006152344
172,20003,458,PUNJAB,Trans Gangetic Plains Region,Firozpur,1990,230.0,728.0,3165.0,24.86,Rice,400.1006622,33.97863102,8.790554682
172,20003,458,PUNJAB,Trans Gangetic Plains Region,Firozpur,1991,233.0,760.0,3262.0,24.6,Rice,154.3477495,35.00887179,4.73029338
172,20003,458,PUNJAB,Trans Gangetic Plains Region,Firozpur,1992,231.0,802.0,3472.0,25.25,Rice,351.169359,34.3480169,7.111262004
172,20003,458,PUNJAB,Trans Gangetic Plains Region,Firozpur,1993,221.0,810.0,3665.0,24.26,Rice,307.9520755,34.81341298,7.049565077
172,20003,458,PUNJAB,Trans Gangetic Plains Region,Firozpur,1994,242.0,908.0,3752.0,26.56,Rice,290.9979926,34.30676071,6.415169981
172,20003,458,PUNJAB,Trans Gangetic Plains Region,Firozpur,1995,233.0,783.0,3361.0,24.87,Rice,393.2035641,35.11816533,7.597915173
172,20003,458,PUNJAB,Trans Gangetic Plains Region,Firozpur,1996,227.0,811.0,3573.0,24.1,Rice,305.959938,33.69333975,6.353661272
172,20003,458,PUNJAB,Trans Gangetic Plains Region,Firozpur,1997,252.0,909.0,3607.0,26.33,Rice,394.3686422,32.75571505,8.295325491
172,20003,458,PUNJAB,Trans Gangetic Plains Region,Firozpur,1998,275.0,922.0,3353.0,28.53,Rice,167.4536014,34.16842953,3.993687458
172,20003,458,PUNJAB,Trans Gangetic Plains Region,Firozpur,1999,280.0,982.0,3507.0,31.11,Rice,112.6267649,34.70479035,2.549423205
172,20003,458,PUNJAB,Trans Gangetic Plains Region,Firozpur,2000,248.0,898.0,3621.0,27.46,Rice,160.0952504,34.74348021,4.291898476
172,20003,458,PUNJAB,Trans Gangetic Plains Region,Firozpur,2001,230.0,864.0,3757.0,25.47,Rice,206.2480986,34.57022309,4.309198618
172,20003,458,PUNJAB,Trans Gangetic Plains Region,Firozpur,2002,234.0,824.0,3521.0,26.96,Rice,193.4649904,35.69479871,4.492539273
172,20003,458,PUNJAB,Trans Gangetic Plains Region,Firozpur,2003,244.0,903.0,3701.0,26.9,Rice,426.7682868,34.10995666,7.629558987
172,20003,458,PUNJAB,Trans Gangetic Plains Region,Firozpur,2004,238.0,941.0,3954.0,26.24,Rice,105.8404013,34.3648363,2.508598546
172,20003,458,PUNJAB,Trans Gangetic Plains Region,Firozpur,2005,236.0,956.0,4051.0,27.51,Rice,247.7654334,34.53131255,5.634960704
172,20003,458,PUNJAB,Trans Gangetic Plains Region,Firozpur,2006,235.0,948.0,4034.0,26.93,Rice,366.6476373,34.48477499,7.239360915
172,20003,458,PUNJAB,Trans Gangetic Plains Region,Firozpur,2007,243.0,1010.0,4156.0,27.77,Rice,401.5574544,34.60248566,8.357355012
172,20003,458,PUNJAB,Trans Gangetic Plains Region,Firozpur,2008,260.0,1051.0,4042.0,29.68,Rice,440.4023946,33.72531708,7.402425395
172,20003,458,PUNJAB,Trans Gangetic Plains Region,Firozpur,2009,262.0,964.0,3679.0,29.81,Rice,180.8262439,35.1476086,3.875038756
172,20003,458,PUNJAB,Trans Gangetic Plains Region,Firozpur,2010,258.0,954.0,3698.0,29.05,Rice,214.5307507,34.28570795,4.104348116
172,20003,458,PUNJAB,Trans Gangetic Plains Region,Firozpur,2011,257.0,889.0,1729.5,15.35,Rice,381.2760383,34.01647671,8.313240104
172,20003,458,PUNJAB,Trans Gangetic Plains Region,Firozpur,2012,267.0,1057.0,3816.5,28.185,Rice,365.9846632,34.55603751,9.548727777
172,20003,458,PUNJAB,Trans Gangetic Plains Region,Firozpur,2013,275.0,1059.0,3685.5,26.36,Rice,277.0163651,33.59305334,5.574849102
172,20003,458,PUNJAB,Trans Gangetic Plains Region,Firozpur,2014,286.0,1030.0,3470.0,32.945,Rice,166.1075253,35.49564377,4.560171829
172,20003,458,PUNJAB,Trans Gangetic Plains Region,Firozpur,2015,291.0,1027.0,3381.5,33.69,Rice,143.4976527,35.21928128,2.53572007
172,20003,458,PUNJAB,Trans Gangetic Plains Region,Firozpur,2016,298.0,1182.0,3876.5,,Rice,266.4945721,34.84613641,5.179611815
172,20003,458,PUNJAB,Trans Gangetic Plains Region,Firozpur,2017,294.0,1197.0,3904.0,,Rice,219.6420144,34.28915787,3.541744616
173,20012,301,PUNJAB,Trans Gangetic Plains Region,Faridkot,1990,138.0,504.0,3652.0,15.16,Rice,431.1304626,33.45732371,9.867715359
173,20012,301,PUNJAB,Trans Gangetic Plains Region,Faridkot,1991,148.0,559.0,3777.0,16.3,Rice,126.1970401,34.50093873,3.252510005
173,20012,301,PUNJAB,Trans Gangetic Plains Region,Faridkot,1992,140.0,547.0,3907.0,15.96,Rice,233.1436547,33.99094454,4.403072225
173,20012,301,PUNJAB,Trans Gangetic Plains Region,Faridkot,1993,159.0,625.0,3931.0,16.91,Rice,309.8519626,34.46207015,6.661021709
173,20012,301,PUNJAB,Trans Gangetic Plains Region,Faridkot,1994,175.0,621.0,3549.0,18.72,Rice,369.48054,33.304245,8.205792215
173,20012,301,PUNJAB,Trans Gangetic Plains Region,Faridkot,1995,152.0,560.0,3678.666667,17.48333333,Rice,438.0348952,34.92635155,9.117915154
173,20012,301,PUNJAB,Trans Gangetic Plains Region,Faridkot,1996,167.0,622.0,3647.333333,18.92333333,Rice,382.017501,33.46084436,7.440802468
173,20012,301,PUNJAB,Trans Gangetic Plains Region,Faridkot,1997,185.0,719.0,3761.666667,20.80333333,Rice,353.963874,32.39278666,6.866725657
173,20012,301,PUNJAB,Trans Gangetic Plains Region,Faridkot,1998,277.0,880.0,3123.333333,30.23,Rice,234.606336,33.85612329,4.791009691
173,20012,301,PUNJAB,Trans Gangetic Plains Region,Faridkot,1999,298.0,990.0,3319.0,30.89,Rice,126.1829817,34.12282467,2.646639632
173,20012,301,PUNJAB,Trans Gangetic Plains Region,Faridkot,2000,338.0,1215.0,3554.666667,32.55,Rice,146.7535871,34.35701815,3.532618284
173,20012,301,PUNJAB,Trans Gangetic Plains Region,Faridkot,2001,287.0,1086.0,3771.666667,27.23,Rice,175.609325,34.18627612,3.555264036
173,20012,301,PUNJAB,Trans Gangetic Plains Region,Faridkot,2002,318.0,1109.0,3404.333333,30.82333333,Rice,218.5468733,36.05352783,5.34791459
173,20012,301,PUNJAB,Trans Gangetic Plains Region,Faridkot,2003,334.0,1303.0,3843.0,31.66333333,Rice,377.1464708,33.97158146,7.603379567
173,20012,301,PUNJAB,Trans Gangetic Plains Region,Faridkot,2004,338.0,1402.0,4057.0,32.38666667,Rice,143.5306235,34.41784795,3.368050443
173,20012,301,PUNJAB,Trans Gangetic Plains Region,Faridkot,2005,330.0,1372.0,4071.0,32.22333333,Rice,284.7844832,34.49284045,5.787855082
173,20012,301,PUNJAB,Trans Gangetic Plains Region,Faridkot,2006,321.0,1321.0,4069.333333,31.27666667,Rice,293.7559068,34.03001404,4.956733545
173,20012,301,PUNJAB,Trans Gangetic Plains Region,Faridkot,2007,324.0,1383.0,4209.333333,31.33,Rice,422.6537374,34.47230117,8.327136358
173,20012,301,PUNJAB,Trans Gangetic Plains Region,Faridkot,2008,364.0,1616.0,4396.0,34.76333333,Rice,427.6129184,33.74016317,6.527594142
173,20012,301,PUNJAB,Trans Gangetic Plains Region,Faridkot,2009,370.0,1613.0,4271.666667,35.58,Rice,181.452162,34.87473106,3.491773287
173,20012,301,PUNJAB,Trans Gangetic Plains Region,Faridkot,2010,384.0,1586.0,4091.0,36.71,Rice,337.9371609,33.85851669,6.781076431
173,20012,301,PUNJAB,Trans Gangetic Plains Region,Faridkot,2011,388.0,1566.0,3976.666667,36.93,Rice,353.2666863,33.83800316,8.604685783
173,20012,301,PUNJAB,Trans Gangetic Plains Region,Faridkot,2012,396.0,1709.0,4285.333333,37.59333333,Rice,324.4138828,34.09945138,9.758869065
173,20012,301,PUNJAB,Trans Gangetic Plains Region,Faridkot,2013,395.0,1715.0,4288.333333,37.89333333,Rice,524.2873094,33.40327422,10.22251225
173,20012,301,PUNJAB,Trans Gangetic Plains Region,Faridkot,2014,418.0,1750.0,4128.0,39.77333333,Rice,270.266098,35.10745589,7.014893373
173,20012,301,PUNJAB,Trans Gangetic Plains Region,Faridkot,2015,451.0,1977.0,4324.333333,42.09,Rice,233.3884074,34.60970275,4.182057831
173,20012,301,PUNJAB,Trans Gangetic Plains Region,Faridkot,2016,466.0,1983.0,4231.333333,,Rice,321.9937269,34.86706193,7.13554679
173,20012,301,PUNJAB,Trans Gangetic Plains Region,Faridkot,2017,469.0,2067.0,4405.0,,Rice,305.2866448,34.28074423,6.793992307
174,20011,295,PUNJAB,Trans Gangetic Plains Region,Bhatinda,1990,50.0,173.0,3460.0,5.97,Rice,461.2400309,34.5933423,10.55637063
174,20011,295,PUNJAB,Trans Gangetic Plains Region,Bhatinda,1991,64.0,229.0,3578.0,7.66,Rice,163.6560644,35.49620883,4.256861316
174,20011,295,PUNJAB,Trans Gangetic Plains Region,Bhatinda,1992,64.0,235.0,3672.0,7.84,Rice,273.2369809,34.6640962,5.452602771
174,20011,295,PUNJAB,Trans Gangetic Plains Region,Bhatinda,1993,93.0,343.0,3690.5,11.25,Rice,348.2262404,35.50093905,7.775040891
174,20011,295,PUNJAB,Trans Gangetic Plains Region,Bhatinda,1994,110.0,397.0,3617.5,13.08,Rice,224.4600457,34.69842386,4.843537913
174,20011,295,PUNJAB,Trans Gangetic Plains Region,Bhatinda,1995,89.0,311.0,3516.0,10.915,Rice,668.4159919,35.27957392,14.40805154
174,20011,295,PUNJAB,Trans Gangetic Plains Region,Bhatinda,1996,98.0,352.0,3594.0,11.78,Rice,274.7130661,34.29039971,4.651542399
174,20011,295,PUNJAB,Trans Gangetic Plains Region,Bhatinda,1997,111.0,432.0,3896.5,12.855,Rice,338.689409,33.30450408,6.658229642
174,20011,295,PUNJAB,Trans Gangetic Plains Region,Bhatinda,1998,168.0,502.0,2988.5,19.875,Rice,353.0244717,34.81992928,6.387946049
174,20011,295,PUNJAB,Trans Gangetic Plains Region,Bhatinda,1999,190.0,633.0,3326.5,21.225,Rice,78.96086523,35.34288836,1.842094743
174,20011,295,PUNJAB,Trans Gangetic Plains Region,Bhatinda,2000,183.0,656.0,3589.0,20.255,Rice,190.9106199,35.16909138,5.311220911
174,20011,295,PUNJAB,Trans Gangetic Plains Region,Bhatinda,2001,150.0,549.0,3651.5,16.51,Rice,212.890391,35.05465778,4.259812276
174,20011,295,PUNJAB,Trans Gangetic Plains Region,Bhatinda,2002,195.0,634.0,3232.0,21.835,Rice,169.5331904,36.17682886,4.997724811
174,20011,295,PUNJAB,Trans Gangetic Plains Region,Bhatinda,2003,183.0,718.0,3911.5,20.37,Rice,304.1446228,34.38791768,5.572009352
174,20011,295,PUNJAB,Trans Gangetic Plains Region,Bhatinda,2004,177.0,722.0,4081.0,19.605,Rice,163.9838172,34.77024539,3.533444219
174,20011,295,PUNJAB,Trans Gangetic Plains Region,Bhatinda,2005,165.0,676.0,4105.0,18.23,Rice,309.5414005,35.71004566,7.169371552
174,20011,295,PUNJAB,Trans Gangetic Plains Region,Bhatinda,2006,149.0,617.0,4146.0,16.445,Rice,265.3095822,34.88368177,5.891580158
174,20011,295,PUNJAB,Trans Gangetic Plains Region,Bhatinda,2007,147.0,620.0,4205.0,16.085,Rice,255.4260661,35.1557072,5.203269853
174,20011,295,PUNJAB,Trans Gangetic Plains Region,Bhatinda,2008,168.0,723.0,4285.5,18.345,Rice,502.2225647,34.81017399,7.536093341
174,20011,295,PUNJAB,Trans Gangetic Plains Region,Bhatinda,2009,181.0,800.0,4392.5,19.9,Rice,155.6946894,35.85233482,3.116059489
174,20011,295,PUNJAB,Trans Gangetic Plains Region,Bhatinda,2010,185.0,753.0,4067.5,20.275,Rice,371.613071,34.64530865,6.332003487
174,20011,295,PUNJAB,Trans Gangetic Plains Region,Bhatinda,2011,175.0,701.0,3998.0,19.235,Rice,347.135593,34.61486483,8.829604997
174,20011,295,PUNJAB,Trans Gangetic Plains Region,Bhatinda,2012,185.0,779.0,4197.5,20.26,Rice,367.3590902,35.2654225,9.571598159
174,20011,295,PUNJAB,Trans Gangetic Plains Region,Bhatinda,2013,192.0,835.0,4318.5,21.065,Rice,388.1615872,34.79891936,7.651384619
174,20011,295,PUNJAB,Trans Gangetic Plains Region,Bhatinda,2014,201.0,825.0,4027.5,22.07,Rice,203.7954771,35.72612365,4.376235723
174,20011,295,PUNJAB,Trans Gangetic Plains Region,Bhatinda,2015,230.0,983.0,4214.5,24.915,Rice,239.6979785,34.94543807,4.7829646
174,20011,295,PUNJAB,Trans Gangetic Plains Region,Bhatinda,2016,255.0,1131.0,4412.0,,Rice,258.2046068,34.99832726,5.65767463
174,20011,295,PUNJAB,Trans Gangetic Plains Region,Bhatinda,2017,267.0,1246.0,4666.5,,Rice,270.6484307,34.45920197,5.131731961
175,20010,304,PUNJAB,Trans Gangetic Plains Region,Sangrur,1990,287.0,1060.0,3693.0,32.32,Rice,607.5947342,31.68016603,11.93406588
175,20010,304,PUNJAB,Trans Gangetic Plains Region,Sangrur,1991,301.0,1064.0,3535.0,33.9,Rice,313.6400089,33.00641685,6.966428578
175,20010,304,PUNJAB,Trans Gangetic Plains Region,Sangrur,1992,302.0,1137.0,3765.0,34.24,Rice,264.7569504,32.71912797,5.069753259
175,20010,304,PUNJAB,Trans Gangetic Plains Region,Sangrur,1993,326.0,1282.0,3933.0,37.51,Rice,463.5930672,33.14632543,10.36804748
175,20010,304,PUNJAB,Trans Gangetic Plains Region,Sangrur,1994,334.0,1188.0,3557.0,38.43,Rice,497.8845978,31.47924508,8.77524662
175,20010,304,PUNJAB,Trans Gangetic Plains Region,Sangrur,1995,321.0,1091.0,3399.0,36.98,Rice,901.3841782,33.57471466,18.92679918
175,20010,304,PUNJAB,Trans Gangetic Plains Region,Sangrur,1996,309.0,1163.0,3764.0,34.56,Rice,467.629776,32.19142967,7.608422577
175,20010,304,PUNJAB,Trans Gangetic Plains Region,Sangrur,1997,333.0,1277.0,3835.0,33.74,Rice,487.3151054,31.37197378,8.738554835
175,20010,304,PUNJAB,Trans Gangetic Plains Region,Sangrur,1998,353.0,1262.0,3575.0,40.9,Rice,577.6553574,32.32767751,9.651107371
175,20010,304,PUNJAB,Trans Gangetic Plains Region,Sangrur,1999,360.0,1282.0,3561.0,40.49,Rice,297.5153637,32.23016675,6.950619221
175,20010,304,PUNJAB,Trans Gangetic Plains Region,Sangrur,2000,357.0,1342.0,3759.0,39.62,Rice,234.4337082,33.51814577,5.132965147
175,20010,304,PUNJAB,Trans Gangetic Plains Region,Sangrur,2001,349.0,1362.0,3903.0,39.57,Rice,290.1568413,32.61402204,5.790444687
175,20010,304,PUNJAB,Trans Gangetic Plains Region,Sangrur,2002,352.0,1429.0,4060.0,40.79,Rice,315.7430859,33.65230963,7.382849634
175,20010,304,PUNJAB,Trans Gangetic Plains Region,Sangrur,2003,366.0,1566.0,4279.0,41.97,Rice,422.5365791,32.56669659,6.748369157
175,20010,304,PUNJAB,Trans Gangetic Plains Region,Sangrur,2004,367.0,1710.0,4659.0,42.09,Rice,275.3295593,32.8929402,5.623078823
175,20010,304,PUNJAB,Trans Gangetic Plains Region,Sangrur,2005,367.0,1625.0,4428.0,41.85,Rice,371.3742046,33.18201902,7.385963321
175,20010,304,PUNJAB,Trans Gangetic Plains Region,Sangrur,2006,362.0,1637.0,4521.5,41.81,Rice,328.2168274,32.08665201,5.751510441
175,20010,304,PUNJAB,Trans Gangetic Plains Region,Sangrur,2007,361.0,1673.0,4657.0,41.6,Rice,437.9427586,33.06677871,6.27991578
175,20010,304,PUNJAB,Trans Gangetic Plains Region,Sangrur,2008,369.0,1718.0,4686.5,42.01,Rice,899.6804276,32.44861931,11.65215683
175,20010,304,PUNJAB,Trans Gangetic Plains Region,Sangrur,2009,375.0,1769.0,4733.0,42.705,Rice,347.9728374,33.20699766,6.802472174
175,20010,304,PUNJAB,Trans Gangetic Plains Region,Sangrur,2010,377.0,1650.0,4393.0,42.05,Rice,509.7575645,32.88368458,8.628135204
175,20010,304,PUNJAB,Trans Gangetic Plains Region,Sangrur,2011,379.0,1647.0,4353.5,41.95,Rice,747.2322121,32.63009357,10.80754018
175,20010,304,PUNJAB,Trans Gangetic Plains Region,Sangrur,2012,382.0,1789.0,4665.0,43.76,Rice,598.1380157,32.52691947,9.662112713
175,20010,304,PUNJAB,Trans Gangetic Plains Region,Sangrur,2013,380.0,1790.0,4699.0,43.01,Rice,328.757967,31.35274262,6.906502843
175,20010,304,PUNJAB,Trans Gangetic Plains Region,Sangrur,2014,379.0,1788.0,4710.5,43.05,Rice,184.4499969,33.47020298,3.99071385
175,20010,304,PUNJAB,Trans Gangetic Plains Region,Sangrur,2015,384.0,1845.0,4757.0,44.165,Rice,347.4535484,33.32778952,7.416962087
175,20010,304,PUNJAB,Trans Gangetic Plains Region,Sangrur,2016,390.0,1871.0,4740.5,,Rice,280.050766,34.57568868,5.456084728
175,20010,304,PUNJAB,Trans Gangetic Plains Region,Sangrur,2017,397.0,2007.0,5038.5,,Rice,287.1622849,34.0121727,4.974609792
176,20009,302,PUNJAB,Trans Gangetic Plains Region,Patiala,1990,278.0,940.0,3381.0,38.29,Rice,791.8832746,33.89106592,11.09189974
176,20009,302,PUNJAB,Trans Gangetic Plains Region,Patiala,1991,286.0,942.0,3294.0,39.07,Rice,455.7911094,35.02206707,7.637958799
176,20009,302,PUNJAB,Trans Gangetic Plains Region,Patiala,1992,298.0,1054.0,3636.0,39.575,Rice,586.0081111,34.41301346,8.836344583
176,20009,302,PUNJAB,Trans Gangetic Plains Region,Patiala,1993,321.0,1134.0,3618.0,41.92,Rice,687.8364825,34.89494673,20.30644103
176,20009,302,PUNJAB,Trans Gangetic Plains Region,Patiala,1994,319.0,1099.0,3476.0,41.75,Rice,922.3521293,34.33679008,15.37541389
176,20009,302,PUNJAB,Trans Gangetic Plains Region,Patiala,1995,316.0,960.0,3129.0,41.07,Rice,1100.509181,35.14759509,18.55039597
176,20009,302,PUNJAB,Trans Gangetic Plains Region,Patiala,1996,310.0,1051.0,3438.5,40.87,Rice,748.4288592,33.61576207,9.753532614
176,20009,302,PUNJAB,Trans Gangetic Plains Region,Patiala,1997,322.0,1094.0,3491.5,41.645,Rice,615.6991207,32.78031222,9.488934994
176,20009,302,PUNJAB,Trans Gangetic Plains Region,Patiala,1998,329.0,1043.0,3201.5,42.46,Rice,959.5163247,34.20736758,12.45513562
176,20009,302,PUNJAB,Trans Gangetic Plains Region,Patiala,1999,333.0,1117.0,3465.0,42.55,Rice,506.3555712,34.46754424,7.914908716
176,20009,302,PUNJAB,Trans Gangetic Plains Region,Patiala,2000,340.0,1207.0,3757.5,43.165,Rice,629.8947392,34.78886414,10.21850502
176,20009,302,PUNJAB,Trans Gangetic Plains Region,Patiala,2001,332.0,1232.0,3809.0,42.11,Rice,597.7565319,34.51475588,10.92103581
176,20009,302,PUNJAB,Trans Gangetic Plains Region,Patiala,2002,317.0,1130.0,3675.5,41.31,Rice,619.695888,35.65323893,12.67496981
176,20009,302,PUNJAB,Trans Gangetic Plains Region,Patiala,2003,329.0,1314.0,4124.0,42.39,Rice,804.6579982,34.09057268,11.0089879
176,20009,302,PUNJAB,Trans Gangetic Plains Region,Patiala,2004,335.0,1336.0,4112.5,43.51,Rice,715.500933,34.33521144,13.46820114
176,20009,302,PUNJAB,Trans Gangetic Plains Region,Patiala,2005,323.0,1301.0,4098.5,44.33,Rice,623.5011172,34.45558739,9.180115734
176,20009,302,PUNJAB,Trans Gangetic Plains Region,Patiala,2006,321.0,1329.0,4110.5,43.91,Rice,494.0908988,34.44470088,7.914700917
176,20009,302,PUNJAB,Trans Gangetic Plains Region,Patiala,2007,318.0,1382.0,4414.5,43.745,Rice,858.5716291,34.59242853,12.53823451
176,20009,302,PUNJAB,Trans Gangetic Plains Region,Patiala,2008,323.0,1372.0,4255.0,44.105,Rice,1304.079799,33.6211621,16.33176613
176,20009,302,PUNJAB,Trans Gangetic Plains Region,Patiala,2009,326.0,1412.0,4400.5,45.375,Rice,690.33398,35.09569391,11.54419463
176,20009,302,PUNJAB,Trans Gangetic Plains Region,Patiala,2010,316.0,1222.0,3993.5,44.47,Rice,896.1471645,34.53672854,15.52957412
176,20009,302,PUNJAB,Trans Gangetic Plains Region,Patiala,2011,320.0,1267.0,4046.0,45.06,Rice,1074.937718,34.05007807,12.04842527
176,20009,302,PUNJAB,Trans Gangetic Plains Region,Patiala,2012,319.0,1306.0,4211.0,45.325,Rice,715.1630816,34.59840647,9.274880818
176,20009,302,PUNJAB,Trans Gangetic Plains Region,Patiala,2013,317.0,1310.0,4116.5,44.99,Rice,691.9480198,33.39167786,10.74789476
176,20009,302,PUNJAB,Trans Gangetic Plains Region,Patiala,2014,316.0,1278.0,4139.5,44.96,Rice,367.2714735,35.5267245,8.579020875
176,20009,302,PUNJAB,Trans Gangetic Plains Region,Patiala,2015,316.0,1294.0,4211.0,44.895,Rice,561.7128034,35.47181797,9.818852629
176,20009,302,PUNJAB,Trans Gangetic Plains Region,Patiala,2016,318.0,1389.0,4475.0,,Rice,343.9750977,32.30589072,6.306300844
176,20009,302,PUNJAB,Trans Gangetic Plains Region,Patiala,2017,319.0,1396.0,4444.5,,Rice,446.5733076,31.79698531,8.351516792
